{
	"location": [42.3508962958944, -71.104892234074],
	"port": "COM5",
	"update_rate": 10,
	"delta_latitude": 5,
	"num_leds": 60
}